Dia,Temperatura (°C)
Segunda,28.36271679045643
Terça,27.050297140078555
Quarta,33.81139154255274
Quinta,32.84463476253223
Sexta,23.14525686729704
Sábado,34.73920008403692
Domingo,31.193720225440195
